subject	locus	allele
HG00096	HLA-A	A*01:01:01
HG00096	HLA-A	A*29:02:01
HG00096	HLA-B	B*08:01:01
HG00096	HLA-B	B*44:03:01
HG00096	HLA-C	C*07:01:01
HG00096	HLA-C	C*16:01:01
HG00096	HLA-DRB1	DRB1*03:01:01
HG00096	HLA-DRB1	DRB1*07:01:01
HG00097	HLA-A	A*03:01:01
HG00097	HLA-A	A*24:02:01
HG00097	HLA-B	B*07:02:01
HG00097	HLA-B	B*07:02:01
HG00097	HLA-C	C*07:02:01
HG00097	HLA-C	C*07:02:01
HG00097	HLA-DRB1	DRB1*13:03:01
HG00097	HLA-DRB1	DRB1*15:01:01
HG00099	HLA-A	A*01:01:01
HG00099	HLA-A	A*68:01:02
HG00099	HLA-B	B*08:01:01
HG00099	HLA-B	B*44:02:01:01
HG00099	HLA-C	C*07:01:01
HG00099	HLA-C	C*07:04:01
HG00099	HLA-DRB1	DRB1*03:01:01
HG00099	HLA-DRB1	DRB1*11:01:01
